9781450000000,Daniels' Running Formula-3rd Edition,Jack Daniels,Human Kinetics,12/31/2013,306
9780940000000,Galloway's Book on Running,Jeff Galloway,Shelter Publications,2002,275
9781840000000,Running Shoes,Frederick Lipp,Zero to Ten,9/1/2007,32
9780740000000,Fitness Running,"Richard L. Brown, Joe Henderson",Human Kinetics,2003,190
9780380000000,The Running Dream,Wendelin Van Draanen,Knopf Books for Young Readers,1/11/2011,352
9781450000000,Running Lean,Ash Maurya,"O'Reilly Media, Inc.",2/24/2012,240
9781410000000,"Had, Hoodwinked and Bamboozled (willie Lynch is Running Wild in the Democratic Party)!! and He Has the Black Community, Just where He Wants Them!!","Evang. G. E. McTyre, Evangelist Evang. G. E., BHG McTyre BA",Lulu.com,2006-01,138
9780870000000,Lore of Running,Timothy Noakes,Human Kinetics,2003,931
9781410000000,Harry Potter and the Deathly Hallows,J. K. Rowling,Bloomsbury Publishing,2014,619
9781780000000,Harry Potter and the Prisoner of Azkaban,J.K. Rowling,Pottermore,7/8/1999,448
9781780000000,Harry Potter and the Sorcerer's Stone,J.K. Rowling,Pottermore,12/8/2015,309
9781340000000,Harry Potter Coloring Book,Inc. Scholastic,Scholastic Incorporated,11/10/2015,96
9781780000000,Harry Potter,Jody Revenson,Titan Books,9/25/2015,208
9780060000000,Harry Potter Page to Screen,Bob McCabe,Harper Design,10/25/2011,540
9780550000000,Harry Potter and the Order of the Phoenix,J. K. Rowling,Scholastic Paperbacks,8/27/2013,870
9781780000000,Harry Potter and the Cursed Child – Parts One and Two (Special Rehearsal Edition),"J.K. Rowling, John Tiffany, Jack Thorne",Pottermore,7/31/2016,320
9780550000000,The Hunger Games Trilogy,Suzanne Collins,Scholastic Inc.,5/1/2011,1000
9780550000000,The World of the Hunger Games,Kate Egan,Scholastic Inc.,3/23/2012,192
9780550000000,Catching Fire (The Second Book of the Hunger Games),Suzanne Collins,Scholastic Inc.,6/1/2010,400
9780550000000,The Hunger Games Tribute Guide,Emily Seife,Scholastic Inc.,2/7/2012,128
9781410000000,The Hunger Games Complete Trilogy,Suzanne Collins,Scholastic UK,10/3/2013,1344
9780550000000,The Hunger Games,Suzanne Collins,Scholastic Inc.,9/1/2009,384
9781120000000,The Hunger Games and Philosophy,"George A. Dunn, Nicolas Michaud",John Wiley & Sons,1/26/2012,272
9780770000000,How to Win at College,Cal Newport,Three Rivers Press,4/12/2005,208
9780200000000,How to Think about Analysis,Lara Alcock,"Oxford University Press, USA",2014,246
9780830000000,How to Read Superhero Comics and why,Geoff Klock,A&C Black,2002,204
9780870000000,How to Cook a Wolf,M. F. K. Fisher,Macmillan,10/1/1988,202
9781450000000,How to Do Things With Videogames,Ian Bogost,U of Minnesota Press,2011,180
9781450000000,How To Win Friends and Influence People,Dale Carnegie,Simon and Schuster,8/24/2010,320
9780810000000,How to Be an Adult,David Richo,Paulist Press,1/1/1991,144
9781420000000,How to Teach Now,"William Powell, Ochan Kusuma-Powell",ASCD,2011,178
9780310000000,How to Advertise,"Kenneth Roman, Jane Maas, Martin Nisenholtz",Macmillan,3/1/2005,263
9781120000000,Investing For Dummies,Eric Tyson,John Wiley & Sons,5/27/2016,432
9780470000000,ASVAB For Dummies,Rod Powers,John Wiley & Sons,11/29/2010,408
9781120000000,The Internet For Dummies,"John R. Levine, Margaret Levine Young",John Wiley & Sons,1/30/2015,384
9781120000000,Coding For Dummies,Nikhil Abraham,John Wiley & Sons,5/27/2016,288
9781120000000,iPhone 4S For Seniors For Dummies,Nancy C. Muir,John Wiley & Sons,12/9/2011,320
9781120000000,Bioinformatics For Dummies,"Jean-Michel Claverie, Cedric Notredame",John Wiley & Sons,2/10/2011,456
9781120000000,AutoCAD For Dummies,Bill Fane,John Wiley & Sons,5/2/2016,544
9780760000000,C++ For Dummies,Stephen R. Davis,John Wiley & Sons,5/3/2004,432
9781120000000,Spanish For Dummies,"Susana Wald, Cecie Kraynak",John Wiley & Sons,1/6/2011,432
9781120000000,Home Buying For Dummies,"Eric Tyson, Ray Brown",John Wiley & Sons,3/3/2011,408
9780700000000,Kumiko and the Dragon's Secret,Briony Stewart,Univ. of Queensland Press,2010,96
9781590000000,The Dragon Legacy,Nicholas de Vere,Book Tree,2004,437
9780130000000,Compilers,"Alfred V. Aho, Monica S. Lam, Jeffrey D. Ullman, Ravi Sethi",Pearson Higher Ed,11/21/2011,1000
9781100000000,Dragons Love Tacos,Adam Rubin,Penguin,6/14/2012,40
9781460000000,Dragon in the Clouds,Rosemary Nelson,Dundurn,10/1/1994,160
9780550000000,Dragon's Keep,Janet Lee Carey,Houghton Mifflin Harcourt,5/1/2008,320
9780810000000,Dragon,Steven Brust,Macmillan,11/15/1999,288
9781100000000,The Summer Dragon,Todd Lockwood,Penguin,5/3/2016,512
9780390000000,Ice Fire Water: A Leib Goldkorn Cocktail,Leslie Epstein,W. W. Norton & Company,8/8/2011,272
9780550000000,Icefire (The Last Dragon Chronicles #2),Chris d'Lacey,Scholastic Inc.,8/1/2011,432
9781450000000,Ice Fire,David Lyons,Simon and Schuster,3/26/2013,416
9781460000000,The Ice-Fire Legacy,Jack North,Xlibris Corporation,3/28/2002,567
9780990000000,Fire & Ice (book 1 Icefire Trilogy),Patty Jansen,Patty Jansen,10/6/2011,300
9780670000000,Icefire,"Judith Reeves-Stevens, Garfield Reeves-Stevens",Beyond Words/Atria Books,1998,484
9780550000000,The Last Council,Kazu Kibuishi,Scholastic Inc.,2011,207
9780550000000,Firelight (Amulet #7),Kazu Kibuishi,Scholastic Inc.,2/23/2016,208
9780810000000,Amulet,Roberto Bolaño,New Directions Publishing,5/17/2008,192
9781610000000,The Lie Tree,Frances Hardinge,Abrams,4/19/2016,384
9780550000000,The Cloud Searchers,Kazu Kibuishi,Scholastic Inc.,2010,197
9781440000000,The Stonekeeper,Kazu Kibuishi,Paw Prints,1/12/2009,208
9780880000000,Merriam-Webster's Encyclopedia of Literature,"Merriam-Webster, Inc",Merriam-Webster,1995,1236
9780880000000,Merriam-Webster's Crossword Puzzle Dictionary,"Merriam-Webster, Inc",Merriam-Webster,1996,775
9781440000000,Nora Webster,Colm Toibin,Simon and Schuster,10/7/2014,384
9780880000000,Merriam-Webster's Geographical Dictionary,"Merriam-Webster, Inc",Merriam-Webster,1997,1387
9781480000000,Webster,Ellen Emerson White,Simon and Schuster,11/3/2015,256
9780880000000,Merriam-Webster's Dictionary of Synonyms,"Merriam-Webster, Inc",Merriam-Webster,1984,940
9780880000000,Merriam-Webster's Encyclopedia of World Religions,"Wendy Doniger, Merriam-Webster, Inc",Merriam-Webster,1/1/1999,1181
9780880000000,Merriam-Webster's Collegiate Dictionary,Merriam-Webster,Merriam-Webster,2004,1623
9780200000000,A Dictionary of Psychology,Andrew M. Colman,"Oxford University Press, USA",2009,882
9780300000000,Lost for Words,Lynda Mugglestone,Yale University Press,2005,273
9780310000000,Dictionary of Polynesian Mythology,Robert D. Craig,Greenwood Publishing Group,1/1/1989,409
9780200000000,Oxford Dictionary of English,Angus Stevenson,"Oxford University Press, USA",8/19/2010,2112
9780820000000,Chamorro-English Dictionary,"Donald M. Topping, Pedro Ogo, Bernardita Dungca",University of Hawaii Press,1/1/1975,336
9780300000000,Cassell's Dictionary of Slang,Jonathon Green,"Sterling Publishing Company, Inc.",2005,1565
9781590000000,"Build-a-Skill Instant Books: Synonyms and Antonyms, Gr. K–1, eBook",Trisha Callella,Creative Teaching Press,1/1/2007,32
9781850000000,Dictionary of Synonyms and Antonyms,Martin Manser,Wordsworth Editions,1998,245
9780520000000,Using Arabic Synonyms,Dilworth Parkinson,Cambridge University Press,2006,688
9780520000000,Using Russian Synonyms,"Terence Wade, Nijole White",Cambridge University Press,1/28/2004,633
9783640000000,Synonyms,Franziska Hofmann,GRIN Verlag,2009-09,68
9780450000000,A Dictionary of Synonyms and Antonyms,"Joseph Devlin, Jerome Fried",BRILL,1961,384
9781420000000,Experience And Education,John Dewey,Simon and Schuster,11/1/2007,96
9780670000000,The Race Between Education and Technology,"Claudia Dale Goldin, Lawrence F. Katz",Harvard University Press,2008,488
9781440000000,Lowering Higher Education,"James E. Côté, Anton Allahar",University of Toronto Press,1/1/2011,243
9780300000000,Education at the Crossroads,Jacques Maritain,Yale University Press,1943,120
9780250000000,Changing Perspectives on International Education,"Patrick O'Meara, Howard D. Mehlinger, Roxana Ma Newman",Indiana University Press,2001,419
9780390000000,The Way of Mindful Education: Cultivating Well-Being in Teachers and Students,Daniel Rechtschaffen,W. W. Norton & Company,6/8/2014,352
9780750000000,Media Education,David Buckingham,John Wiley & Sons,6/26/2013,232
9780740000000,Locke's Education for Liberty,Nathan Tarcov,Lexington Books,1/1/1999,272
9780310000000,Real Education,Charles Murray,Crown Forum,8/19/2008,224
9780400000000,Escape Clause,John Sandford,Penguin,10/18/2016,400
9780350000000,The Language of Flowers,Vanessa Diffenbaugh,Ballantine Books,8/23/2011,336
9781620000000,The Exquisite Book of Paper Flowers,Livia Cetti,"Stewart, Tabori and Chang",4/8/2014,192
9781500000000,Flowers in the Attic: A Stage Play,V.C. Andrews,Simon and Schuster,10/28/2014,80
9781480000000,The Reason for Flowers,Stephen Buchmann,Simon and Schuster,7/21/2015,352
9783820000000,The Flower Book,"Edward Coley Burne-Jones, Gabriele Uerscheln",Taschen America Llc,1999,95
9780520000000,Diversity and Evolutionary Biology of Tropical Flowers,Peter K. Endress,Cambridge University Press,7/25/1996,511
9780440000000,The Play of Daniel Keyes' Flowers for Algernon,"Bert Coules, Daniel Keyes",Heinemann,1993,128
9781550000000,Sidewalk Flowers,JonArno Lawson,Groundwood Books Ltd,2/22/2015,32
9781630000000,The Ghosts of Heaven,Marcus Sedgwick,Macmillan,1/6/2015,368
9780550000000,Dog Heaven,Cynthia Rylant,Scholastic Inc.,11/1/2010,40
9781400000000,The Five People You Meet in Heaven,Mitch Albom,Hachette Books,4/1/2007,208
9780470000000,Armies of Heaven,Jay Rubenstein,Basic Books,2011,402
9780300000000,Heaven,"Colleen McDannell, Bernhard Lang",Yale University Press,2001,411
9781450000000,Proof of Heaven,Eben Alexander,Simon and Schuster,10/23/2012,208
9781400000000,The Heaven Answer Book,Billy Graham,Harper Collins,3/21/2012,179
9780800000000,90 Minutes in Heaven,"Don Piper, Cecil Murphey",Revell,9/1/2006,208
9781400000000,Under the Banner of Heaven,Jon Krakauer,Anchor,6/8/2004,432
9781840000000,Desiring God,John Piper,InterVarsity Press,2004,394
9780550000000,The God Delusion,Richard Dawkins,Houghton Mifflin Harcourt,1/16/2008,416
9781560000000,A Hunger for God,"William A. Barry, Kerry A. Maloney",Rowman & Littlefield,1/1/1991,150
9781430000000,The Insanity of God,"Nik Ripken, Gregg Lewis",B&H Publishing Group,1/1/2013,322
9781610000000,God of the Oppressed,James H. Cone,Orbis Books,1977,280
9780320000000,Woman of God,James Patterson,"Little, Brown",9/26/2016,400
9780620000000,The God Particle,"Leon M. Lederman, Dick Teresi",Houghton Mifflin Harcourt,1993,434
9780750000000,The Cult of the Mother of God in Byzantium,"Leslie Brubaker, Mary B. Cunningham","Ashgate Publishing, Ltd.",2011,306
9780910000000,In Conversation with God: Ordinary time : weeks 13-23,Francis Fernandez,Scepter Publishers,10/1/1991,629
9780320000000,Underwater Dogs,Seth Casteel,"Little, Brown",10/23/2012,144
9780680000000,The Big New Yorker Book of Dogs,The New Yorker Magazine,Random House,10/30/2012,416
9781590000000,101 Dog Tricks,"Kyra Sundance, Chalcy",Quarry,4/1/2007,208
9781590000000,Beloved Dog,Maira Kalman,Penguin Press HC,10/27/2015,160
9780230000000,Dogs,"Xiaoming Wang, Richard H. Tedford",Columbia University Press,2008,219
9781610000000,My Old Dog,Laura T. Coffey,New World Library,9/15/2015,256
9781770000000,Fifteen Dogs,Andre Alexis,Coach House Books,3/23/2015,160
9781100000000,The Genius of Dogs,"Brian Hare, Vanessa Woods",Penguin,2/5/2013,384
9781460000000,Marnie the Dog,Shirley Braha,Grand Central Publishing,10/27/2015,144
9780230000000,A Reading of Dante's Inferno,Wallace Fowlie,University of Chicago Press,5/15/1981,237
9780250000000,Dante's Inferno,"Dante Alighieri, Mark Musa",Indiana University Press,1995,409
9780200000000,The Divine Comedy of Dante Alighieri,Robert M. Durling,Oxford University Press,4/8/2004,720
9781110000000,Inferno,Dante Alighieri,"BiblioBazaar, LLC",2009-08,388
9780200000000,The Divine Comedy,Dante Alighieri,Oxford University Press,12/31/1961,432
9781580000000,Adventures of Huckleberry Finn,Mark Twain,Prestwick House Inc,1/30/2005,280
9780310000000,Understanding Adventures of Huckleberry Finn,Claudia D. Johnson,Greenwood Publishing Group,1996,246
9781400000000,The Adventures of Huckleberry Finn,"Oliver Ho, Mark Twain, Dan Andreasen","Sterling Publishing Company, Inc.",1/1/2006,153
9780390000000,The Annotated Huckleberry Finn,"Mark Twain, Michael Patrick Hearn",W. W. Norton & Company,2001,480
9780520000000,"Autobiography of Mark Twain, Volume 1",Mark Twain,Univ of California Press,11/15/2010,760
9780820000000,Mark Twain,"Mark Twain, Gary Scharnhorst",University of Alabama Press,10/22/2006,719
9781590000000,Mark Twain: Man in White,Michael Shelden,Random House,1/26/2010,528
9780830000000,Mark Twain Himself,"Mark Twain, Milton Meltzer",University of Missouri Press,2002,303
9781430000000,The Adventures of Tom Sawyer,Mark Twain,Macmillan,8/15/1989,256
9781850000000,Tom Sawyer & Huckleberry Finn,Mark Twain,Wordsworth Editions,1992,390
9781600000000,The Adventures of Tom Sawyer. ILLUSTRATED. : Illustrated by True Williams (Mobi Classics),Mark Twain,MobileReference,2008,197
9780490000000,Tom Sawyer,Mark Twain,Courier Corporation,3/7/2012,96
9781580000000,A Guide for Using the Adventures of Tom Sawyer in the Classroom,Katie Eyles,Teacher Created Resources,2002,48
9781580000000,Raven Quest,Sharon Stewart,Carolrhoda Books,2005,320
9781410000000,Raven's Revenge,Roy French,Trafford Publishing,2005,311
9780290000000,The Raven,Marquis James,University of Texas Press,1988,532
9781480000000,Raven,Wyatt E. Owens,Xlibris Corporation,2012-07,108
9780800000000,Zen Master Raven,Robert Aitken,Tuttle Publishing,2002-10,208
9780890000000,The American Crow and the Common Raven,Lawrence Kilham,Texas A&M University Press,10/1/1990,272
9781440000000,The Portable Edgar Allan Poe,Edgar Allan Poe,Penguin,10/3/2006,688
9780550000000,Edgar Allan Poe's Pie,J. Patrick Lewis,Houghton Mifflin Harcourt,4/3/2012,40
9780940000000,Poetry and Tales,Edgar Allan Poe,Library of America,1984,1408
9780760000000,Edgar Allan Poe,Milton Meltzer,Twenty-First Century Books,2003,144
9781580000000,The Best of Poe,Edgar Allan Poe,Prestwick House Inc,2006,232
9781680000000,The Complete Tales and Poems of Edgar Allan Poe,Edgar Allan Poe,Xist Publishing,3/24/2016,122
9780490000000,Literary Theory and Criticism,"Edgar Allan Poe, Leonard Cassuto",Courier Corporation,1999,193
9781870000000,Edgar Allan Poe,Graham Clarke,Routledge,1991,1508
9780140000000,PHP and MySQL by Example,"Ellie Quigley, Marko Gargenta",Prentice Hall Professional,11/22/2006,912
9781480000000,Mrs. Poe,Lynn Cullen,Simon and Schuster,10/1/2013,336
9780300000000,Testament Of Youth,Vera Brittain,Weidenfeld & Nicolson,7/16/2009,608
9780490000000,The Raven and Other Favorite Poems,Edgar Allan Poe,Courier Corporation,1/1/1991,50
9780310000000,The Raven and the Monkey's Paw,"Edgar Allan Poe, Edith Wharton, Saki, Charles Dickens, O. Henry",Modern Library,8/22/2012,224
9781440000000,The Raven and Other Writings,Edgar Allan Poe,Simon and Schuster,2/28/2012,448
9781940000000,"THE WORKS OF EDGAR ALLAN POE, The Raven Edition -",Edgar Allan Poe,Bottom of the Hill,6/1/2010,198
9783840000000,The Raven,Edgar Allan Poe,BoD – Books on Demand,2008,84
9781930000000,Edgar Allan Poe's Annotated Poems,Edgar Allan Poe,Bottletree Books LLC,2008-10,216
9781940000000,The Raven (Illustrated),Edgar Allan Poe,Top Five Books LLC,9/13/2013,32
9781440000000,The Raven And Other Poems,Edgar Allan Poe,Harper Collins,4/9/2013,50
9781460000000,Edgar Allan Poe: Selected Poetry and Tales,Edgar Allan Poe,Broadview Press,7/25/2012,544
9781940000000,Edgar Allan Poe: Essential Tales & Poems,Edgar Allan Poe,Top Five Books LLC,9/16/2013,640
9780450000000,The Complete Poetry of Edgar Allan Poe,Edgar Allan Poe,Penguin,2008,139
9781600000000,Edgar Allan Poe: Poetry and Tales,Edgar Allan Poe,Library of America,9/22/2015,1408
9780920000000,From Poetry to Prose in Old Provençal,Elizabeth Wilson Poe,"Summa Publications, Inc.",1/1/1984,119
9780380000000,Poe: Poems,Edgar Allan Poe,Everyman's Library,5/28/2014,256
9780420000000,Poems and Essays on Poetry,Edgar Allan Poe,Taylor & Francis,2003,150
9780250000000,Complete Poems,"Edgar Allan Poe, Thomas Ollive Mabbott",University of Illinois Press,1969,627
9780520000000,The Wayward Tourist,Mark Twain,Melbourne University Publish,2007,189
9780520000000,Autobiography of Mark Twain,"Mark Twain, Harriet Elinor Smith",Univ of California Press,2012,414
9781470000000,Complete Letters of Mark Twain,Mark Twain,Library of Alexandria,1967,453
9780490000000,Great Speeches,"Mark Twain, Bob Blaisdell",Courier Corporation,2013-01,169
9781590000000,Mark Twain Speaking,Paul Fatout,University of Iowa Press,9/1/2006,720
9780300000000,Mark Twain's Own Autobiography,Mark Twain,Univ of Wisconsin Press,2/25/2010,318
9780550000000,"Escaping Peril (Wings of Fire, Book 8)",Tui T. Sutherland,Scholastic Inc.,12/29/2015,336
9780550000000,"Talons of Power (Wings of Fire, Book 9)",Tui T. Sutherland,Scholastic Inc.,12/27/2016,336
9781100000000,The Amazing Book Is Not on Fire,"Dan Howell, Phil Lester",Random House Books for Young Readers,10/13/2015,224
9780350000000,The World of Ice & Fire,"George R. R. Martin, Elio Garcia, Linda Antonsson",Bantam,10/28/2014,336
9780550000000,Gates of Fire,Steven Pressfield,Bantam,1/30/2007,400
9781410000000,Wings of Fire: The Hidden Kingdom,Tui T.  Sutherland,Scholastic UK,10/3/2014,336
9781340000000,Darkstalker,Tui T. Sutherland,Scholastic Press,6/28/2016,400
9781100000000,Fire,Kristin Cashore,Penguin,10/5/2009,528
9780230000000,Fires,Marguerite Yourcenar,University of Chicago Press,11/5/1994,129
9780140000000,Brain On Fire: My Month of Madness,Susannah Cahalan,Penguin UK,11/13/2012,288
9781410000000,Rome,"Dorigen Sophie Caldwell, Lesley Caldwell","Ashgate Publishing, Ltd.",2011,262
9780800000000,A New Topographical Dictionary of Ancient Rome,"L. Richardson, jr",JHU Press,10/1/1992,458
9781610000000,The Origins of Baroque Art in Rome,"Alois Riegl, Andrew Hopkins, Arnold Alexander Witte, Alina Alexandra Payne",Getty Publications,2010,279
9780520000000,The Emperor and Rome,"Björn C. Ewald, Carlos F. Noreña",Cambridge University Press,12/2/2010,365
9788880000000,Roman Fountains,Marvin Pulvers,L'ERMA di BRETSCHNEIDER,2002,927
9780520000000,Rome Across Time and Space,"Claudia Bolgia, Rosamond McKitterick, John Osborne",Cambridge University Press,4/7/2011,351
9781100000000,"Marriage, a History",Stephanie Coontz,Penguin,2/28/2006,448
9781910000000,Book of Documents (Shujing),Confucius,Jiahu Books,2013-12,98
9780060000000,A People's History of the United States,Howard Zinn,Harper Collins,11/2/2010,768
9780310000000,Salt,Mark Kurlansky,Vintage Canada,3/18/2011,496
9781630000000,Killing the Rising Sun,"Bill O'Reilly, Martin Dugard",Henry Holt and Company,9/13/2016,304
9780190000000,A Brief History of Neoliberalism,David Harvey,OUP Oxford,1/4/2007,256
9780810000000,Framing Disease,"Charles E. Rosenberg, Janet Lynne Golden",Rutgers University Press,1992,326
9780760000000,History Decoded,"Brad Meltzer, Keith Ferrell",Workman Publishing,2013,152
9781480000000,The Gene,Siddhartha Mukherjee,Simon and Schuster,5/17/2016,608
9780490000000,"The Extraterrestrial Life Debate, 1750-1900",Michael J. Crowe,Courier Corporation,1999,680
9780300000000,London 1900,Jonathan Schneer,Yale University Press,2001,336
9780800000000,Budapest 1900,John Lukacs,Grove Press,1990,255
9781610000000,Sacred Possessions,"Gail Feigenbaum, S. Ebert-Schifferer, Galina Tirnanić",Getty Publications,2011,248
9781440000000,Standard Catalog of World Coins - 1801-1900,"George S. Cuhaj, Thomas Michael",Krause Publications,11/29/2012,1296
9781570000000,Rethinking Vienna 1900,Steven Beller,Berghahn Books,2001,292
9780770000000,"Diary of a European Tour, 1900","Margaret Addison, Jean O'Grady",McGill-Queen's Press - MQUP,11/30/1999,197
9780520000000,"Transforming the Screen, 1950-1959",Peter Lev,Univ of California Press,2003,382
9780910000000,The Nomos of the Earth in the International Law of the Jus Publicum Europaeum,Carl Schmitt,Telos Press Publishing,1/1/2003,372
9780520000000,Violence in Early Modern Europe 1500-1800,Julius R. Ruff,Cambridge University Press,10/4/2001,269
9781860000000,The Coming of the Book,"Lucien Febvre, Henri-Jean Martin",Verso,1/1/1997,378
9780670000000,Imperial China 900-1800,Frederick W. Mote,Harvard University Press,2003,1106
9780950000000,A Dictionary of Members of the Dublin Book Trade 1550-1800,"Mary Pollard, Bibliographical Society (Great Britain)",Oxford University Press,2000,675
9781140000000,"Warfare in Atlantic Africa, 1500-1800",John K. Thornton,Routledge,11/1/2002,208
9780300000000,The Art and Architecture of Islam 1250-1800,"Sheila Blair, Jonathan M. Bloom",Yale University Press,1995,348
9781860000000,Animal Rights,Hilda Kean,Reaktion Books,8/1/1998,272
9780490000000,1800 Mechanical Movements,Gardner Dexter Hiscox,Courier Corporation,2007,409
9780200000000,Adams vs. Jefferson,John Ferling,Oxford University Press,9/3/2004,288
9780800000000,A Guide to Western Historical Scripts from Antiquity to 1600,Michelle P. Brown,University of Toronto Press,11/1/1993,138
9780820000000,Making Big Money in 1600,Nelly Hanna,Syracuse University Press,1998,219
9780300000000,"Architecture in Italy, 1500-1600","Wolfgang Lotz, Deborah Howard",Yale University Press,1995,205
9780300000000,"Painting in Italy, 1500-1600",Sydney Joseph Freedberg,Yale University Press,1/1/1993,761
9780230000000,Traditional Japanese Literature,Haruo Shirane,Columbia University Press,2012,578
9780520000000,"Welsh Poems, Sixth Century to 1600",Gwyn Williams,Univ of California Press,1974,128
9780840000000,"French Musical Thought, 1600-1800",Georgia Cowart,University Rochester Press,1/1/1989,258
9780230000000,Sources of Chinese Tradition,William Theodore De Bary,Columbia University Press,8/13/2013,944
9780520000000,"The Uses of Script and Print, 1300-1700",Alexandra Walsham,Cambridge University Press,2004,298
9780300000000,"Flemish Art and Architecture, 1585-1700",Hans Vlieghe,Yale University Press,1998,339
9780520000000,Firearms,Kenneth Warren Chase,Cambridge University Press,7/7/2003,290
9780800000000,Cherokee Women,Theda Perdue,U of Nebraska Press,1998,252
9780800000000,"English Manuscript Studies, 1100-1700","Peter Beal, Jeremy Griffiths",University of Toronto Press,1993,306
9780720000000,"Poverty and Welfare in England, 1700-1850",Steven King,Manchester University Press,12/15/2000,294
9780260000000,Picturing Machines 1400-1700,Wolfgang Lefèvre,MIT Press,2004,347
9780250000000,The History of Keyboard Music to 1700,Willi Apel,Indiana University Press,1/1/1997,878
9781440000000,"Standard Catalog of World Coins, 1601-1700",George S. Cuhaj,"F+W Media, Inc.",11/30/2014,1606
9780810000000,New England Marriages Prior to 1700,unknown,Genealogical Publishing Com,1985,1009
9780520000000,"European Sexualities, 1400-1800",Katherine Crawford,Cambridge University Press,1/18/2007,246
9789040000000,"Patrons, Authors and Workshops",Godfried Croenen,Peeters Publishers,2006,529
9789000000000,Handbook of European History 1400 - 1600,"Thomas A. Brady, Heiko Augustinus Oberman, James D. Tracy",BRILL,1994,709
9780420000000,"The Age of Discovery, 1400-1600",David Arnold,Psychology Press,2002,69
9789000000000,The Emporium of the World,Angela Schottenhammer,BRILL,2001,449
9780800000000,"Women's Writing in Italy, 1400–1650",Virginia Cox,JHU Press,5/2/2008,464
9780300000000,"Architecture in Italy, 1400-1500","Ludwig Heinrich Heydenreich, Paul Davies",Yale University Press,1974,186
9780520000000,"Africa and Africans in the Making of the Atlantic World, 1400-1800",John Thornton,Cambridge University Press,4/28/1998,340
9781590000000,Fahrenheit 451,unknown,Spark Notes,2002-01,72
9788500000000,La conciencia deshumanizada,Juan Ignacio Hernáiz Blázquez,Editorial Club Universitario,6/12/2013,200
9781850000000,Understanding Deaf Culture,Paddy Ladd,Multilingual Matters,2003,502
9781560000000,Deaf Way II,"Harvey Goodstein, Laura Brown",Gallaudet University Press,2004,175
9781560000000,Deaf History Unveiled,John V. Van Cleve,Gallaudet University Press,1999,320
9781560000000,Deaf People in Hitler's Europe,United States Holocaust Memorial Museum,Gallaudet University Press,2002,233
9780810000000,Deaf World,Lois Bragg,NYU Press,2/1/2001,430
9780670000000,Inside Deaf Culture,"Carol PADDEN, Tom Humphries, Carol Padden",Harvard University Press,6/30/2009,224
9780800000000,Deaf-blind Infants and Children,"John M. McInnes, Jacquelyn A. Treffry",University of Toronto Press,1993,284
9780820000000,Open Your Eyes,H-Dirksen L. Bauman,U of Minnesota Press,2008,349
9781560000000,Deaf Empowerment,Katherine A. Jankowski,Gallaudet University Press,1997,197
9780670000000,Deaf in America,"Carol A. Padden, Tom Humphries",Harvard University Press,9/1/1990,134
9781430000000,National Geographic Little Kids First Big Book of Why,Amy Shields,National Geographic Society,10/8/2014,126
9780890000000,Bernard Picart and the First Global Vision of Religion,"Lynn Avery Hunt, Margaret C. Jacob, W. W. Mijnhardt",Getty Publications,2010,364
9781480000000,A Child's First Book of Trump,"Michael Ian Black, Marc Rosenthal",Simon and Schuster,7/5/2016,32
9781470000000,The First Book of Fashion,"Ulinka Rublack, Maria Hayward, Jenny Tiramani",Bloomsbury Publishing,10/22/2015,432
9781580000000,First Book of Sushi,Amy Wilson Sanger,Knopf Books for Young Readers,2001,18
9781940000000,DC SUPER HEROES: MY FIRST BOOK OF GIRL POWER,Julie Merberg,Downtown Bookworks,10/21/2014,20
9781460000000,My First Book of Korean Words,"Kyubyong Park, Henry J. Amen",Tuttle Publishing,9/10/2012,26
9780310000000,Baby's First Book of Prayers,Melody Carlson,HarperCollins Christian Publishing,2002,96
9780200000000,A Dictionary of First Names,"Patrick Hanks, Kate Hardcastle, Flavia Hodges","Oxford University Press, USA",2006,434
9780810000000,The Commedia Dell'arte of Flaminio Scala,"Flaminio Scala, Richard Andrews",Rowman & Littlefield,2008,341
9781440000000,The Rise of the Diva on the Sixteenth-Century Commedia dell'Arte Stage,Rosalind Kerr,University of Toronto Press,3/25/2015,232
9781400000000,The Farmer in the Dell,Ann Owen,Capstone,1/1/2003,24
9780520000000,Performance and Literature in the Commedia Dell'Arte,Robert Henke,Cambridge University Press,12/12/2002,263
9783640000000,Analysis of Dell's Business Strategy,Alina Ignatiuk,GRIN Verlag,2009-05,52
9781440000000,Quiet Dell,Jayne Anne Phillips,Simon and Schuster,10/15/2013,445
9780830000000,Manufacturing Processes Reference Guide,"Robert H. Todd, Dell K. Allen, Leo Alting",Industrial Press Inc.,1994,486
9780520000000,English Idioms in Use Advanced with Answers,"Felicity O'Dell, Michael McCarthy",Cambridge University Press,2/4/2010,185
9781860000000,Rigid Plastics Packaging,F. Hannay,iSmithers Rapra Publishing,1/1/2002,140
9780810000000,African American Librarians in the Far West,Binnie Tate Wilkin,Scarecrow Press,2006,331
9780310000000,A Practical Guide to Information Literacy Assessment for Academic Librarians,Carolyn J. Radcliff,Greenwood Publishing Group,6/30/2007,180
9780820000000,Librarians,Judith Jango-Cohen,Lerner Publications,2005-01,32
9780310000000,Expectations of Librarians in the 21st Century,Karl Bridges,Libraries Unlimited,1/1/2003,235
9781950000000,The Bad-Ass Librarians of Timbuktu,Joshua Hammer,Allen & Unwin,4/20/2016,276
9781590000000,"Basic Research Methods for Librarians, Fifth Edition","Lynn Silipigni Connaway, Ronald R. Powell",ABC-CLIO,9/17/2010,370
9780840000000,Metadata Fundamentals for All Librarians,Priscilla Caplan,American Library Association,2003-01,192
9780790000000,"Readers, Reading, and Librarians",William A. Katz,Psychology Press,2001,219
9780840000000,How Libraries and Librarians Help,"Joan C. Durrance, Karen E. Fisher, Marian Bouch Hinton",American Library Association,2005,183
9781920000000,Africa's Peacemaker?,Kurt Shillinger,Jacana Media,2009,260
9780520000000,Slavery in Dutch South Africa,Nigel Worden,Cambridge University Press,4/25/1985,207
9780200000000,Encyclopedia of Africa,"Anthony Appiah, Henry Louis Gates",Oxford University Press on Demand,2010,1392
9780800000000,Contemporary Social Issues in Africa,Mokong Simon Mapadimeng,African Books Collective,2010,267
9781920000000,Animal Rights in South Africa,Michelè Pickover,Juta and Company Ltd,2005,210
9781910000000,Oral Literature in Africa,Ruth Finnegan,Open Book Publishers,2012-09,614
9780680000000,The Africa Cookbook,Jessica B. Harris,Simon and Schuster,1998,382
9780390000000,The Traveler,John Twelve Hawks,Seal Books,10/29/2010,496
9781430000000,"How to Be the World's Smartest Traveler (and Save Time, Money, and Hassle)",Christopher Elliott,National Geographic Books,3/4/2014,288
9780390000000,Traveler,Arwen Elys Dayton,Delacorte Press,1/12/2016,400
9780390000000,The Travelers,Chris Pavone,Broadway Books,3/8/2016,464
9781580000000,Halachos for the Traveler,Donneal Epstein,Feldheim Publishers,2000,176
9780390000000,Seeker,Arwen Elys Dayton,Delacorte Press,2/10/2015,448
9780840000000,The Humanist as Traveler,Jonathan Haynes,Fairleigh Dickinson Univ Press,1986,159
9780540000000,If on a winter's night a traveler,Italo Calvino,Houghton Mifflin Harcourt,10/25/2012,276
9780380000000,The Seekers,Daniel Joseph Boorstin,Vintage Books USA,1999,351
9780310000000,The Lion Seeker,Kenneth Bonert,Knopf Canada,2/26/2013,512
9781450000000,SEEKER,Arwen Elys Dayton,Random House,2/12/2015,448
9780770000000,Seeker,Diane C. Layton,Destiny Image Publishers,7/28/2011,285
9780810000000,Seeker Churches,Kimon Howland Sargeant,Rutgers University Press,2000,252
9780620000000,Seeker of Knowledge,James Rumford,Houghton Mifflin Harcourt,2003-06,32
9781550000000,The Seeker,Margaret Buffie,Kids Can Press Ltd,2002,384
9783530000000,What is Stronger Than a Lion?,Brent A. Strawn,Saint-Paul,2005,587
9781570000000,Lions' Commentary on UNIX 6th Edition with Source Code,John Lions,Peer to Peer Communications,1/1/1996,254
9780530000000,Honey from the lion,Wendy Laura Belcher,E P Dutton,4/1/1988,188
9780720000000,Through the Eyes of a Lion,Levi Lusko,Thomas Nelson Inc,8/4/2015,240
9780790000000,Facing the Lion,"Joseph Lemasolai Lekuton, Herman J. Viola",National Geographic Books,2005-10,127
9780060000000,"The Lion, the Witch and the Wardrobe (adult)",C. S. Lewis,Zondervan,6/1/2005,256
9780760000000,Library Lion,"Michelle Knudsen, Kevin Hawkes",Candlewick Press,2009,48
9781400000000,The Lion's Slave,"Terry Deary, Helen Flook",Capstone,2007,64
9780700000000,Big Magic,Elizabeth Gilbert,Penguin,9/22/2015,240
9781420000000,Magic,Jeanette R. Lynton,Gibbs Smith,5/15/2011,127
9781910000000,A History of White Magic,Gareth Knight,Skylight Press,2011,207
9780870000000,Astral Magic in Babylonia,Erica Reiner,American Philosophical Society,1/1/1995,150
9780310000000,Magic Books & Paper Toys,"Esther K. Smith, Amy Kalyn Sims",Clarkson Potter,2008,146
9780270000000,Spiritual and Demonic Magic,Daniel Pickering Walker,Penn State Press,2000,244
9780760000000,A Cognitive Theory of Magic,Jesper Sørensen,Rowman Altamira,2007,218
9780140000000,Religion and the Decline of Magic,Keith Thomas,Penguin UK,1/30/2003,880
9781450000000,The Magic,Rhonda Byrne,Simon and Schuster,3/6/2012,272
9789070000000,Birth in Babylonia and the Bible,"Marten Stol, F. A. M. Wiggermann",BRILL,1/1/2000,276
9789000000000,Disease in Babylonia,"Irving L. Finkel, Markham J. Geller",BRILL,2007,226
9789070000000,Epilepsy in Babylonia,Marten Stol,BRILL,1/1/1993,155
9780300000000,The Geonim of Babylonia and the Shaping of Medieval Jewish Culture,Robert Brody,Yale University Press,1998-01,382
9788120000000,Astral Travel,"Gavin Frost, Yvonne Frost",Motilal Banarsidass Publ.,1/1/2000,240
9780310000000,The Astral,Kate Christensen,Anchor Books,2011,311
9780790000000,Astral Projection (Modus Operandi),John Mittl,Health Research Books,3/1/1993,16
9780880000000,Projection of the Astral Body,"Sylvan Joseph Muldoon, Hereward Carrington",Weiser Books,1970,319
9780840000000,The Astral Body,Arthur Edward Powell,Quest Books,1/1/1927,265
9781410000000,"The Astral Plane Its Scenery, Inhabitants, and Phenomena",C. W. Leadbeater,Wright Press,2008-06,128
9780740000000,Astral Travel for Beginners,Richard Webster,Llewellyn Worldwide,7/8/2012,256
9788120000000,Astral Odyssey,Carol Eby,Motilal Banarsidass Publ.,1/1/2002,270
9781780000000,The Astral Plane,C. W. Leadbeater,The Floating Press,5/1/2009,144
9780880000000,The Llewellyn Practical Guide to Astral Projection,"Melita Denning, Osborne Phillips",Llewellyn Worldwide,2001,239
9780310000000,The Dog Stars,Peter Heller,Vintage,8/7/2012,336
9780720000000,British Stars and Stardom,Bruce Babington,Manchester University Press,2001,260
9780230000000,African Stars,Veit Erlmann,University of Chicago Press,9/24/1991,214
9781740000000,The Fault in Our Stars,John Green,Penguin Group Australia,1/11/2012,336
9781560000000,Amazon All Stars,Rosemary Curb,Hal Leonard Corporation,1996,482
9780550000000,The Stars,H. A. Rey,Houghton Mifflin Harcourt,2008,160
9781900000000,The Amazon Journal of Roger Casement,"Sir Roger Casement, Angus Mitchell",Anaconda Editions,1997,534
9780830000000,Jews of the Amazon,Ariel Segal Freilich,Jewish Publication Society,1999,341
9780230000000,Underdeveloping the Amazon,Stephen G. Bunker,University of Chicago Press,1985-01,279
9780060000000,Amazon.com,Robert Spector,Harper Collins,3/17/2009,304
9780940000000,Amazon Peacock Bass Fishing,Larry Larsen,Larsen's Outdoor Publishing,1/1/2004,192
9780200000000,Languages of the Amazon,Alexandra Y. Aikhenvald,Oxford University Press,5/17/2012,514
9780340000000,Amazon,Dennison Berwick,Dennison Berwick,1992,241
9780520000000,Rebellion on the Amazon,Mark Harris,Cambridge University Press,9/13/2010,331
9780550000000,The Holocaust in American Life,Peter Novick,Houghton Mifflin Harcourt,9/20/2000,384
9780850000000,Social Theory After the Holocaust,"Robert Fine, Charles Turner",Liverpool University Press,2000,266
9780820000000,Absence/Presence,Steve Feinstein,Syracuse University Press,2005,356
9780800000000,Modernity and the Holocaust,Zygmunt Bauman,Cornell University Press,1989,267
9780190000000,Holocaust,Peter Longerich,Oxford University Press,4/15/2010,645
9780200000000,Hasidic Tales of the Holocaust,Yaffa Eliach,Oxford University Press on Demand,1982,266
9781620000000,The Holocaust,Marty Gitlin,ABDO,9/1/2010,112
9780300000000,Abstraction and the Holocaust,Mark Godfrey,Yale University Press,2007,294
9780690000000,Galactic Astronomy,"James Binney, Michael Merrifield",Princeton University Press,1998,796
9781550000000,NightWatch,Terence Dickinson,Firefly Books,1998,176
9780390000000,Early Astronomy,Hugh Thurston,Springer Science & Business Media,8/29/1996,268
9780740000000,Astronomy,Clay Farris Naff,"Greenhaven Press, Incorporated",2006-01,224
9781610000000,The Everything Kids' Astronomy Book,"Kathi Wagner, Sheryl Racine",Everything Books,4/1/2008,144
9780600000000,Astronomy Hacks,"Robert Bruce Thompson, Barbara Fritchman Thompson","O'Reilly Media, Inc.",2005,388
9781400000000,Galactic Dynamics,"James Binney, Scott Tremaine",Princeton University Press,10/30/2011,904
9780520000000,Quasars and Active Galactic Nuclei,"Ajit K. Kembhavi, Jayant V. Narlikar",Cambridge University Press,3/11/1999,463
9781450000000,Klingon for the Galactic Traveler,Marc Okrand,Simon and Schuster,5/17/2011,272
9780750000000,"Dust in the Galactic Environment, 2nd Edition",D.C.B Whittet,CRC Press,10/21/2002,390
9780550000000,Galactic Pot-Healer,Philip K. Dick,Houghton Mifflin Harcourt,4/16/2013,192
9780690000000,The Galactic Supermassive Black Hole,Fulvio Melia,Princeton University Press,2007,296
9780700000000,Galactic Adventures,Tristan Bancks,Univ. of Queensland Press,2012,216
9781440000000,Galactic Drifter - Love And Divorce,Ivan Henley,Lulu.com,1/1/2008,164
9780520000000,An Introduction to Active Galactic Nuclei,Bradley M. Peterson,Cambridge University Press,2/13/1997,238
9781570000000,Draw the Marvel Comics Super Heroes,Klutz Press,Klutz,1995,93
9781440000000,Thor,Martin Arnold,A&C Black,8/4/2011,225
9780060000000,Marvel Comics,Sean Howe,Harper Collins,10/1/2013,496
9780300000000,The Marvel of Maps,Francesca Fiorani,Yale University Press,2005,347
9780790000000,Marvel Graphic Novels and Related Publications,Robert G. Weiner,McFarland,3/17/2008,399
9788170000000,"Ganga, a Water Marvel","Ashok Chandra Shukla, Vandana Asthana",APH Publishing,1/1/1995,315
9780670000000,How To Draw Comics The Marvel Way,"Stan Lee, John Buscema",Simon and Schuster,9/14/1984,192
9782940000000,The Large Hadron Collider,Lyndon R. Evans,EPFL Press,2009,251
9783840000000,75 Years of Marvel Comics,Roy Thomas,Taschen,11/25/2014,711
9781610000000,The Comic Book Story of Beer,"Jonathan Hennessey, Mike Smith, Aaron McConnell",Ten Speed Press,9/22/2015,180
9780060000000,Understanding Comics,Scott McCloud,Harper Collins,4/27/1994,224
9781440000000,100 Sexiest Women in Comics,Brent Frankenhoff,Krause Publications,11/13/2011,64
9781930000000,Bound by Law,"Keith Aoki, James Boyle, Jennifer Jenkins",Soft Skull Press,2007-02,96
9780880000000,The Comics,Coulton Waugh,Univ. Press of Mississippi,1947,364
9781440000000,Comics Versus Art,Bart Beaty,University of Toronto Press,7/17/2012,288
9780820000000,Perspective! for Comic Book Artists,David Chelsea,Watson-Guptill Publications,1997,176
9781600000000,A Comics Studies Reader,"Jeet Heer, Kent Worcester",Univ. Press of Mississippi,1/1/2009,380
9781600000000,Of Comics and Men,"Jean-Paul Gabilliet, Bart Beaty, Nick Nguyen",Univ. Press of Mississippi,2010-01,390
9780420000000,The Language of Comics,Mario Saraceni,Psychology Press,2003,110
9781580000000,OFDM for Wireless Communications Systems,Ramjee Prasad,Artech House,1/1/2004,272
9781590000000,Emergency Communications,Linda K. Moore,Nova Publishers,2007,82
9780860000000,An Introduction to Satellite Communications,D. I. Dalgleish,IET,1/1/1989,338
9780860000000,Communications,Russell W. Burns,IET,2004,639
9781850000000,Broadband Power-line Communications Systems,"Justinian Anatory, Nelson Theethayi",WIT Press,1/1/2010,174
9781110000000,Integrated Marketing Communications,Lawrence Ang,Cambridge University Press,1/2/2014,400
9781290000000,"The Interpersonal Communication Book, Global Edition",Joseph A. DeVito,Pearson Higher Ed,6/1/2015,428
9780310000000,Data Communications Principles,"Richard D. Gitlin, Jeremiah Hayes, Stephen B. Weinstein",Springer Science & Business Media,9/30/1992,733
9781420000000,Effective Communications for Project Management,"Ralph L. Kliem, PMP",CRC Press,11/28/2007,240
9780830000000,Culturally Speaking,Helen Spencer-Oatey,A&C Black,6/1/2004,381
9781470000000,Talk Like TED,Carmine Gallo,St. Martin's Press,3/4/2014,288
9780530000000,Confident Public Speaking,Deanna Sellnow,Cengage Learning,4/7/2004,544
9780500000000,Cengage Advantage Books: Essentials of Public Speaking,Cheryl Hamilton,Cengage Learning,2/7/2011,432
9780140000000,Speaking Freely,Floyd Abrams,Penguin,2006,320
9780260000000,Speaking,Willem J. M. Levelt,MIT Press,1993,566
9781130000000,On Not Speaking Chinese,Ien Ang,Routledge,7/8/2005,240
9780230000000,Speaking Into the Air,John Durham Peters,University of Chicago Press,2000,293
9780810000000,Speaking (La Parole),Georges Gusdorf,Northwestern University Press,12/1/1979,132
9789030000000,Speaking Back,Katharine Gelber,John Benjamins Publishing,2002,176
9780500000000,Public Speaking: Concepts and Skills for a Diverse Society,Clella Iles Jaffe,Cengage Learning,2006-01,448
9781600000000,The Art of Public Speaking,Dale Carnegie,"Cosimo, Inc.",11/1/2007,528
9780270000000,How to be Brilliant at Public Speaking,Sarah Lloyd-Hughes,FT Press,2011,247
9781290000000,Cengage Advantage Series: Essentials of Public Speaking,Cheryl Hamilton,Cengage Learning,3/25/2014,408
9781440000000,TED TALKS: The Official TED Guide to Public Speaking,Chris J. Anderson,HarperCollins,5/3/2016,288
9781430000000,Public Speaking,W. A. Kelly Huff,Peter Lang,2008,194
9781850000000,The Art Of Public Speaking,Vijaya Kumar,Sterling Publishers Pvt. Ltd,9/11/2013,96
9780740000000,Teaching Sport Concepts and Skills,"Stephen A. Mitchell, Judith L. Oslin, Linda L. Griffin",Human Kinetics,2006,547
9780440000000,Developing Poetry Skills,Geoff Barton,Heinemann,1998,128
9781130000000,Conservation Skills,Chris Caple,Routledge,11/12/2012,247
9781440000000,People Skills,Robert Bolton,Simon and Schuster,11/24/2009,324
9780520000000,The Skills of Argument,Deanna Kuhn,Cambridge University Press,7/26/1991,324
9781480000000,100 Deadly Skills,Clint Emerson,Simon and Schuster,10/13/2015,272
9780440000000,Skills in Food Technology,Jenny Ridgwell,Heinemann,1997,96
9780680000000,Lost Laysen,Margaret Mitchell,Simon and Schuster,5/6/1997,128
9780550000000,Lost and Found,Shaun Tan,Scholastic Inc.,2011,128
9789000000000,Lost Books,"Flavia Bruni, Andrew Pettegree",Library of the Written Word,2016-04,526
9780800000000,Literature of the Lost Home,"Hideo Kobayashi, Paul Anderer",Stanford University Press,2000,177
9781550000000,Finding Lost,Nikki Stafford,ECW Press,12/16/2010,279
9781100000000,Lost in Cyberspace,Richard Peck,Penguin,9/1/1997,160
9780390000000,The Lost Book of Mormon,Avi Steinberg,Anchor,10/21/2014,288
9780740000000,The Great Gatsby,F. Scott Fitzgerald,Simon and Schuster,5/27/2003,165
9780550000000,Kung Fu High School,Ryan Gattis,Houghton Mifflin Harcourt,9/5/2005,288
9781420000000,Differentiation in Middle and High School,"Kristina J. Doubet, Jessica A. Hockett",ASCD,7/14/2015,295
9781930000000,The Social Skills Picture Book,Jed Baker,Future Horizons,2006,177
9781470000000,Surviving High School,"Lele Pons, Melissa de la Cruz",Simon and Schuster,4/5/2016,272
9780940000000,High School Money Book,Don Silver,Adams Hall Pub,11/30/2006,162
9780310000000,How to Be a High School Superstar,Cal Newport,Three Rivers Press,7/27/2010,272
9780770000000,Teens Guide to College & Career Planning,Peterson's,Peterson's,3/11/2008,224
9780520000000,Modernisms,Peter Nicholls,Univ of California Press,1995,368
9780140000000,The Guide,R. K. Narayan,Penguin,1988,220
9780030000000,The Complete Idiot's Guide to Native American History,Walter C. Fleming,Penguin,2003,311
9780810000000,A Practical Guide to the Marine Animals of Northeastern North America,Leland W. Pollock,Rutgers University Press,1998,367
9780300000000,"Web Style Guide, 3rd edition",unknown,Yale University Press,2008,338
9781570000000,Physical Fitness,"Ernest M. Burgess, Albert Rappoport",DIANE Publishing,1993,245
9781850000000,The Totally Geeky Guide to the Princess Bride,Maryann Johanson,Lulu.com,2006,92
9780760000000,Practical Evaluation Guide,"Judy Diamond, Jessica J. Luke, David H. Uttal",Rowman Altamira,9/16/2009,160
9781620000000,Titanium,Matthew J. Donachie,ASM International,2000,381
9780060000000,Louder Than Hell,"Jon Wiederhorn, Katherine Turman",Harper Collins,5/14/2013,768
9780760000000,The Encyclopedia of Heavy Metal,"Daniel Bukszpan, Ronnie James Dio",Barnes & Noble Publishing,2003,300
9781940000000,Black Metal,Dayal Patterson,Feral House,11/25/2013,600
9780200000000,The Hardness of Metals,D. Tabor,Oxford University Press,8/3/2000,175
9780980000000,Swedish Death Metal,Daniel Ekeroth,Bazillion Points Books,2008,447
9783540000000,The Mott Metal-Insulator Transition,Florian Gebhard,Springer Science & Business Media,3/20/1997,318
9780760000000,The Big Book of Hair Metal,Martin Popoff,Voyageur Press (MN),8/15/2014,224
9781550000000,Heavy Metal Fun Time Activity Book,"Aye Jay Morano, Aye Jay",ECW Press,9/1/2007,48
9780120000000,The Psychology of Music,Diana Deutsch,Gulf Professional Publishing,1999,807
9780800000000,All You Need to Know About the Music Business,Donald S. Passman,RosettaBooks,5/18/2011,480
9780790000000,Genesis of a Music,Harry Partch,Da Capo Press,8/5/2009,544
9780800000000,Music in the Moment,Jerrold Levinson,Cornell University Press,1997,184
9780420000000,Music in Shakespearean Tragedy,Frederick William Sternfeld,Psychology Press,1963,334
9781840000000,My First Classical Music Book,Genevieve Helsby,Naxos Audio Books,10/1/2008,64
9781320000000,Music Education,Clint Randles,Routledge,9/19/2014,368
9780520000000,The Music of John Cage,James Pritchett,Cambridge University Press,3/14/1996,223
9780840000000,Pitchman's Melody: Shaw about \Shakespear.\,Jerry Lutz,Bucknell University Press,1974,175
9780760000000,HomeMade Modern,Ben Uyeda,Running Press,5/26/2015,224
9780390000000,The Enlightenment: The rise of modern paganism,Peter Gay,W. W. Norton & Company,1995,592
9781450000000,The Modern Book of the Dead,Ptolemy Tompkins,Simon and Schuster,2/14/2012,304
9780200000000,"Church and State in Early Modern England, 1509-1640",Leo F. Solt,Oxford University Press,4/19/1990,288
9780780000000,Modern Epidemiology,"Kenneth J. Rothman, Sander Greenland, Timothy L. Lash",Lippincott Williams & Wilkins,2008,758
9781610000000,Modern Japanese Art and the Meiji State,Dōshin Satō,Getty Publications,2011,365
9780200000000,Church and State in the Modern Age,J. F. Maclear,Oxford University Press on Demand,1995,510
9780200000000,Oxford Dictionary of Modern Quotations,Elizabeth Knowles,Oxford University Press,8/23/2007,479
9780700000000,Modern Romance,"Aziz Ansari, Eric Klinenberg",Penguin,6/16/2015,288
9780300000000,Victorian Babylon,Lynda Nead,Yale University Press,2000,251
9780280000000,Family Ties in Victorian England,Claudia Nelson,Greenwood Publishing Group,2007,196
9780200000000,Victorian Soundscapes,John M. Picker,Oxford University Press,9/4/2003,220
9780800000000,Victorian Faith in Crisis,Richard J. Helmstadter,Stanford University Press,1990,391
9780800000000,The Victorian Internet,Tom Standage,Bloomsbury Publishing USA,5/26/2009,256
9780230000000,Victorian Sensation,James A. Secord,University of Chicago Press,2000,624
9781860000000,Late Victorian Holocausts,Mike Davis,Verso,1/1/2001,464
9781410000000,The Late Victorian Gothic,Hilary Grimes,"Ashgate Publishing, Ltd.",1/1/2011,188
9780200000000,Hannah More,Anne Stott,"Oxford University Press, USA",2003,384
9781560000000,Remembering Elizabeth Bishop,"Gary Fountain, Peter Brazeau",Univ of Massachusetts Press,1996-02,408
9780740000000,Elizabeth,"Jean-Rae Turner, Richard T. Koles",Arcadia Publishing,8/27/2003,160
9780810000000,"The Selected Papers of Elizabeth Cady Stanton and Susan B. Anthony: When clowns make laws for queens, 1880-1887","Elizabeth Cady Stanton, Ann Dexter Gordon",Rutgers University Press,2006,587
9780520000000,The Printing Revolution in Early Modern Europe,Elizabeth L. Eisenstein,Cambridge University Press,9/12/2005,384
9781850000000,Elizabeth I,David Loades,A&C Black,5/30/2003,410
9781860000000,Bohemians,Elizabeth Wilson,Tauris Parke Paperbacks,2003,275
9781590000000,"Everest: The West Ridge, Anniversary Edition",Thomas F. Hornbein,Mountaineers Books,3/13/2013,304
9780550000000,The Contest,Gordon Korman,Scholastic Paperbacks,2012-02,137
9780760000000,DK Eyewitness Books: Everest,Rebecca Stephens,Penguin,3/28/2001,66
9780550000000,The Top of the World,Steve Jenkins,Houghton Mifflin Harcourt,4/29/2002,32
9781870000000,Everest,Jim Howes,Nelson Thornes,2001,32
9780330000000,Into Thin Air,Jon Krakauer,Pan Macmillan,7/6/2011,304
9780690000000,Life and Death on Mt. Everest,Sherry B. Ortner,Princeton University Press,1999,376
9781430000000,Dark Summit,Nick Heil,Macmillan,4/29/2008,288
9781590000000,Sport Climbing,Andrew Bisharat,The Mountaineers Books,2009,254
9781560000000,Climb,"Clint Willis, David Roberts",Da Capo Press,2000,259
9781430000000,Climb Higher,"Scott McKenzie, Kristine Perry Miller",Abingdon Press,2011,128
9780690000000,A Time to Climb,"Wendy Wax, Artful Doodlers",Simon and Schuster,1/1/2004,32
9781430000000,Free Climb,"Jake Maddox, Sean Tiffany, Bob Temple",Capstone,8/1/2008,63
9780440000000,The Climb,Gordon Korman,Scholastic Inc.,2002,151
9781620000000,Two Mountains to Climb,Philip C. Keeling,Tate Publishing,2010-07,121
9780760000000,How to Rock Climb!,John Long,Falcon Guides,2010,320
